{
    "$schema": "https://schema.management.azure.com/schemas/2015-01-01/deploymentParameters.json#",
    "contentVersion": "1.0.0.0",
    "parameters": {
        "sites_projectpython_name": {
            "value": null
        },
        "sites_midtermproject_name": {
            "value": null
        },
        "vaults_midtermkeyv_name": {
            "value": null
        },
        "serverfarms_midtermplan_name": {
            "value": null
        },
        "sites_midtermproject_app_name": {
            "value": null
        },
        "virtualNetworks_midterm_vn_name": {
            "value": null
        },
        "virtualMachines_management_vm_name": {
            "value": null
        },
        "sshPublicKeys_management_vm_key_name": {
            "value": null
        },
        "serverfarms_ASP_midtermproject_8cbc_name": {
            "value": null
        },
        "serverfarms_ASP_midtermproject_a960_name": {
            "value": null
        },
        "publicIPAddresses_management_vm_ip_name": {
            "value": null
        },
        "registries_yazilimacrfinal_name": {
            "value": null
        },
        "networkInterfaces_management_vm71_z1_name": {
            "value": null
        },
        "networkSecurityGroups_management_vm_nsg_name": {
            "value": null
        },
        "privateEndpoints_midterm_project_kvlt_pe_name": {
            "value": null
        },
        "flexibleServers_devops_midterm_db_name": {
            "value": null
        },
        "userAssignedIdentities_flaskIdentity_name": {
            "value": null
        },
        "privateDnsZones_privatelink_vaultcore_azure_net_name": {
            "value": null
        },
        "privateDnsZones_devops_midterm_db_private_postgres_database_azure_com_name": {
            "value": null
        }
    }
}